word_segment,instances,prominence
ས་,10,2.564102564102564
ར་,10,2.564102564102564
ལ,8,2.051282051282051
ལ་,7,1.7948717948717947
ཤོག,7,1.7948717948717947
གཞི་,6,1.5384615384615385
མ་,6,1.5384615384615385
ཀུན་,5,1.282051282051282
དང་,5,1.282051282051282
ཆེན་པོ,5,1.282051282051282
གནས་ལུགས་,4,1.0256410256410255
བྲལ,4,1.0256410256410255
གྱི་,4,1.0256410256410255
ཡི་,4,1.0256410256410255
མེད་,4,1.0256410256410255
དོན་,4,1.0256410256410255
ངང༌,4,1.0256410256410255
༔,3,0.7692307692307693
སྨོན་ལམ་,3,0.7692307692307693
ཏུ་,3,0.7692307692307693
ཡིན་,3,0.7692307692307693
གཞི,3,0.7692307692307693
༔རྫོགས་ཆེན་,3,0.7692307692307693
རྟོགས་པ,3,0.7692307692307693
དུ་,3,0.7692307692307693
མི་,3,0.7692307692307693
༔ལམ་,3,0.7692307692307693
གནད་,3,0.7692307692307693
གོལ་,3,0.7692307692307693
ཕྱོགས་མེད་,3,0.7692307692307693
པར་ཤོག,3,0.7692307692307693
སྦུབས,3,0.7692307692307693
༔འབྲས་བུ,3,0.7692307692307693
རྒྱལ་པོ་,3,0.7692307692307693
བཙན་ས་,3,0.7692307692307693
ཟིན་པ,3,0.7692307692307693
,2,0.5128205128205128
ཀློང་ཆེན་,2,0.5128205128205128
ས,2,0.5128205128205128
བཟང་པོ་,2,0.5128205128205128
རང་བཞིན་,2,0.5128205128205128
རྒྱལ་བ,2,0.5128205128205128
༔རང་བཞིན་,2,0.5128205128205128
ཡང་,2,0.5128205128205128
གྱིས་,2,0.5128205128205128
ཕྱོགས་,2,0.5128205128205128
གསལ་,2,0.5128205128205128
༔རང་,2,0.5128205128205128
ངོ་,2,0.5128205128205128
དུ་མ་,2,0.5128205128205128
རིག་,2,0.5128205128205128
ར,2,0.5128205128205128
༔ཡེ་ནས་,2,0.5128205128205128
ནས་,2,0.5128205128205128
སུ་,2,0.5128205128205128
ལྷུན་,2,0.5128205128205128
འབྱམས་,2,0.5128205128205128
ནམ་མཁའ་,2,0.5128205128205128
རྫོགས་པ་,2,0.5128205128205128
རྒྱ་,2,0.5128205128205128
༔ཟབ་,2,0.5128205128205128
འུྃཿ,1,0.2564102564102564
སྙིང་,1,0.2564102564102564
གི་,1,0.2564102564102564
ཐིག་ལེ་,1,0.2564102564102564
ལམ་,1,0.2564102564102564
འབྲས་བུ,1,0.2564102564102564
བཞུགས,1,0.2564102564102564
༔དཔལ་,1,0.2564102564102564
ཕྱག་,1,0.2564102564102564
འཚལ་,1,0.2564102564102564
ལོ,1,0.2564102564102564
༔གདོད་མ,1,0.2564102564102564
སྤྲོས་,1,0.2564102564102564
༔ཡོད་པ་,1,0.2564102564102564
འདི་,1,0.2564102564102564
གཟིགས,1,0.2564102564102564
༔མེད་པ་,1,0.2564102564102564
འཁོར་འདས་,1,0.2564102564102564
༔འགལ་འདུ་,1,0.2564102564102564
བརྗོད་བྱ,1,0.2564102564102564
ཡུལ་,1,0.2564102564102564
འདས,1,0.2564102564102564
༔ངོ་བོ་,1,0.2564102564102564
སྟོང་པ,1,0.2564102564102564
རྟག་པ,1,0.2564102564102564
མཐའ་,1,0.2564102564102564
གྲོལ,1,0.2564102564102564
གསལ་བ,1,0.2564102564102564
ཆད་པ,1,0.2564102564102564
མུ་,1,0.2564102564102564
༔ཐུགས་རྗེ་,1,0.2564102564102564
འགག་,1,0.2564102564102564
སྣ་ཚོགས་,1,0.2564102564102564
སྤྲུལ་པ,1,0.2564102564102564
༔གསུམ་,1,0.2564102564102564
དབྱེ་,1,0.2564102564102564
ཐ་,1,0.2564102564102564
དད,1,0.2564102564102564
༔བསམ་,1,0.2564102564102564
ཁྱབ་,1,0.2564102564102564
སྒྲོ་འདོགས་,1,0.2564102564102564
༔ཡོད་,1,0.2564102564102564
མེད་པ,1,0.2564102564102564
འཛིན་རྣམ་པ,1,0.2564102564102564
ཞིག,1,0.2564102564102564
༔འདི་,1,0.2564102564102564
བརྗོད་,1,0.2564102564102564
ལྗགས་,1,0.2564102564102564
ཀྱང་,1,0.2564102564102564
རྡུགས,1,0.2564102564102564
༔ཐོག་མཐའ་,1,0.2564102564102564
བར་,1,0.2564102564102564
གཏིང་,1,0.2564102564102564
དབྱིངས,1,0.2564102564102564
རྣམ་དག་,1,0.2564102564102564
སྐྱེ་,1,0.2564102564102564
ཀ་དག་,1,0.2564102564102564
༔ལྷུན་གྲུབ་,1,0.2564102564102564
འདུས་མ་བྱས་པ,1,0.2564102564102564
གདངས་,1,0.2564102564102564
ཤར་བ,1,0.2564102564102564
༔གུད་,1,0.2564102564102564
བཟུང་,1,0.2564102564102564
སྟོང་,1,0.2564102564102564
ཟུང་འཇུག་,1,0.2564102564102564
ཆེ,1,0.2564102564102564
༔རྟོགས་པ,1,0.2564102564102564
དགོངས་པ་,1,0.2564102564102564
ཚད་,1,0.2564102564102564
ཕྱིན,1,0.2564102564102564
དག་པ,1,0.2564102564102564
ལྟ་བ,1,0.2564102564102564
མིང་,1,0.2564102564102564
མེད,1,0.2564102564102564
རིག་པ,1,0.2564102564102564
སྒོམ་,1,0.2564102564102564
རྒྱུ,1,0.2564102564102564
ཤུབས་,1,0.2564102564102564
འདོན,1,0.2564102564102564
༔གཟའ་,1,0.2564102564102564
གཏད་མེད་པ,1,0.2564102564102564
སྤྱོད་པ,1,0.2564102564102564
སྒྲོག་,1,0.2564102564102564
ལྷུམས་,1,0.2564102564102564
ཞུགས་,1,0.2564102564102564
སྤྲོས་བྲལ་,1,0.2564102564102564
རྗེན་པ,1,0.2564102564102564
༔བཟང་ངན་,1,0.2564102564102564
རྣམ་རྟོག་,1,0.2564102564102564
ལྷུང་,1,0.2564102564102564
ཞིང༌,1,0.2564102564102564
༔བཏང་སྙོམས་,1,0.2564102564102564
ལུང་,1,0.2564102564102564
བསྟན་,1,0.2564102564102564
འབྱམས་པ,1,0.2564102564102564
༔ཤར་,1,0.2564102564102564
གྲོལ་,1,0.2564102564102564
རིས་,1,0.2564102564102564
རྒྱ་ཡན་,1,0.2564102564102564
ཀློང༌,1,0.2564102564102564
༔སྤང་བླང་,1,0.2564102564102564
ཡེ་,1,0.2564102564102564
ཟད་,1,0.2564102564102564
ཡོངས་ཤེས་,1,0.2564102564102564
༔ཐོག་མ,1,0.2564102564102564
སྤྱི་,1,0.2564102564102564
ལྟ་བུ,1,0.2564102564102564
༔གཞི་,1,0.2564102564102564
སྣང་,1,0.2564102564102564
རིག་པ་,1,0.2564102564102564
མཁའ་,1,0.2564102564102564
སྤྲིན་,1,0.2564102564102564
དེངས་,1,0.2564102564102564
བཞིན,1,0.2564102564102564
༔ཕྱི་,1,0.2564102564102564
ཤེས་པ་,1,0.2564102564102564
ནང་,1,0.2564102564102564
ལྡོག་པ་,1,0.2564102564102564
༔ཁྱད་ཆོས་,1,0.2564102564102564
དྲུག་,1,0.2564102564102564
ལྡན་,1,0.2564102564102564
གཞོན་ནུ་,1,0.2564102564102564
བུམ་སྐུ,1,0.2564102564102564
རང་རིག་,1,0.2564102564102564
༔ཐོབ་,1,0.2564102564102564
བྱ,1,0.2564102564102564
ཞེ་འདོད་,1,0.2564102564102564
མཐའ་དག་,1,0.2564102564102564
དབྱིངས་,1,0.2564102564102564
ཡལ,1,0.2564102564102564
༔བྱ་རྩོལ་,1,0.2564102564102564
བློ་འདས་,1,0.2564102564102564
གཤིས,1,0.2564102564102564
༔དབྱིངས་,1,0.2564102564102564
བཟང་མོ,1,0.2564102564102564
མཁའ་ཀློང་,1,0.2564102564102564
༔རབ་ཏུ་,1,0.2564102564102564
གནས་,1,0.2564102564102564
དབུ་མ་,1,0.2564102564102564
དོན,1,0.2564102564102564
༔ཁྱབ་གདལ་,1,0.2564102564102564
ཕྱག་རྒྱ་,1,0.2564102564102564
༔མཐའ་གྲོལ་,1,0.2564102564102564
ཀློང་ཡངས་,1,0.2564102564102564
གནད,1,0.2564102564102564
༔ས་ལམ་,1,0.2564102564102564
ཡོན་ཏན་,1,0.2564102564102564
རྫོགས་,1,0.2564102564102564
ལྷུན་གྲུབ་,1,0.2564102564102564
༔ཐུགས་,1,0.2564102564102564
བཅུད་,1,0.2564102564102564
ཟབ་,1,0.2564102564102564
ཡི,1,0.2564102564102564
༔མཐའ་,1,0.2564102564102564
སྡུད་,1,0.2564102564102564
ཟབ་མོ་,1,0.2564102564102564
འདི,1,0.2564102564102564
༔བཀའ་སྲུང་,1,0.2564102564102564
དྲང་སྲོང་,1,0.2564102564102564
རྭ་,1,0.2564102564102564
ཧུ་,1,0.2564102564102564
༔བནྡྷེའི་,1,0.2564102564102564
ཚུལ་,1,0.2564102564102564
བསྐུལ་,1,0.2564102564102564
བཀོད,1,0.2564102564102564
སྤེལ་བ་,1,0.2564102564102564
ཡིད་,1,0.2564102564102564
ཅིང༌,1,0.2564102564102564
༔རྟེན་འབྲེལ་,1,0.2564102564102564
མཐ,1,0.2564102564102564
ཕྱིན་,1,0.2564102564102564
ཕྱིར,1,0.2564102564102564
༔ནམ་མཁ,1,0.2564102564102564
སྙིང་པོ,1,0.2564102564102564
བྱིན་རླབས་པ,1,0.2564102564102564
འི,1,0.2564102564102564
༔ཀོང་,1,0.2564102564102564
སྨྱོན་,1,0.2564102564102564
སྦས་པ,1,0.2564102564102564
རིག་འཛིན་,1,0.2564102564102564
བཀྲོལ་,1,0.2564102564102564
ཏེ་,1,0.2564102564102564
གཏད་རྒྱ་,1,0.2564102564102564
བྱས,1,0.2564102564102564
༔འགྲོ་དོན་,1,0.2564102564102564
མཉམ་པ,1,0.2564102564102564
